# Banco de Dados centuryeventos Rodando em localhost 
# phpMyAdmin SQL Dump
# version 2.5.6
# http://www.phpmyadmin.net
#
# Servidor: localhost
# Tempo de Generação: Abr 14, 2004 at 06:11 PM
# Versão do Servidor: 3.23.54
# Versão do PHP: 4.1.2
# 
# Banco de Dados : `centuryeventos`
# 

# --------------------------------------------------------

#
# Estrutura da tabela `dicas`
#

CREATE TABLE `dicas` (
  `cd` int(10) unsigned NOT NULL auto_increment,
  `dica` varchar(255) NOT NULL default '',
  `descricao` blob NOT NULL,
  PRIMARY KEY  (`cd`)
) TYPE=MyISAM AUTO_INCREMENT=7 ;

#
# Extraindo dados da tabela `dicas`
#

INSERT INTO `dicas` VALUES (2, 'MONTANDO SEU CONVITE', 0x3c5020616c69676e3d63656e7465723e266e6273703b266e6273703b266e6273703b266e6273703b20566fe7ea206ae1206465766520746572206f757669646f20612065787072657373e36f3a20266e6273703b272061207072696d6569726120696d707265e7e36f20e92061207175652066696361202720656e74e36f20e920666163696c20646573636f62726972207175616c206f207072696d6569726f20706173736f207061726120696d7072657373696f6e6172206f7320636f6e76696461646f732061696e646120616e74657320646f20636173616d656e746f3a203c2f503e0d0a3c503e4f20636f6e766974652c20656c6520e9206d7569746f206d6169732071756520756d2073696d706c65732070656461e76f20646520706170656c2c206ae12071756520657374652066616c6120706f722073ed2e20456c65206465766520746572206f7320657374696c6f20646f20636173616c206c6576616e646f20656d20636f6e7461206d6f64656c6f20706170656c20636f72206520746578746f2e3c2f503e0d0a3c503e3c5354524f4e473e3c454d3e3c553e41207175616e7469646164652063657274613c2f553e3c2f454d3e3c2f5354524f4e473e3c2f503e0d0a3c503e3c454d3e266e6273703b266e6273703b266e6273703b266e6273703b203c2f454d3e446576652d736520656e636f6d656e646172206170726f78696d6164616d656e7465203230252061206d6169732c2070617261207175652068616a6120756d2065636564656e746520e020736572656d20656e766961646f7320e07320706573736f6173206c656d627261646173206e6120fa6c74696d6120686f72612c2074656e646f20617373696d2074616d62e96d206120706f73736962696c6964616465206465207375627374697475697220706573736f617320717565206ee36f20706f7373616d20636f6e7061726563657220706f72206f7574726f7320636f6e76696461646f732e3c2f503e0d0a3c503e3c5354524f4e473e3c454d3e3c553e53756a657374f56573206465206672617a657320706172612073657520636f6e766974653c2f553e3c2f454d3e3c2f5354524f4e473e3c2f503e0d0a3c554c3e0d0a3c4c493e27417373696d20636f6d6f2061206e7576656d2073f3206578697374652073652063686f7665722c20617373696d20636f6d6f206f20706f6574612073f320e9206772616e646520736520736f667265722c20617373696d2076697665722073656d20616d6f72206ee36f20e92076697665722c206ee36f20686120766f63ea2073656d206d696d2065206575206ee36f2065786973746f2073656d20766f63ea202e273c2f4c493e0d0a3c4c493e27536520646f6973206ce162696f73206ee36f20706f64656d206265696a61722c20646f6973206f6c686f73207365206265696a616d206e756d612074726f6361206465206f6c6861722e273c2f4c493e0d0a3c4c493e4f207665726461646569726f20616d6f72206e756e63612073652064657367617374612e205175616e746f206d6169732073652064e1206d6169732073652074656d2e273c2f4c493e0d0a3c4c493e27446576656d6f7320696d69746172206f20657465726e6f206578656d706c6f20646f732072696f733a2064e36f207375617320e16775617320616f206d61722065206e756e636120666963616d2076617a696f732e273c2f4c493e0d0a3c4c493e274f20616d6f72206ee36f20636f6e636973746520656d206f6c68617220756d2070617261206f206f7574726f2c206d61732073696d20656d206f6c686172206a756e746f732070617261206d65736d612064697265e7e36f2e273c2f4c493e0d0a3c4c493e274a756e746f73206ee36f2068e12065737472656c617320717565206ee36f20706f64656d6f7320616c63616ee761722c206e656d20736f6e686f7320717565206ee36f20706f64656d6f73207265616c697a61722e273c2f4c493e0d0a3c4c493e274f20616d6f72207475646f20736f6672652c207475646f206372ea2c207475646f207375706f7274612c207475646f206573706572612e272028203120436f72ed6e74696f732031333a3720293c2f4c493e0d0a3c4c493e27566976616d20756d2070617261206f206f7574726f206520616d626f73207061726120446575732728204d617361686172752054616e69677563686920293c2f4c493e3c2f554c3e0d0a3c503e266e6273703b3c2f503e);
INSERT INTO `dicas` VALUES (3, 'TRANSPORTE', 0x3c5020616c69676e3d63656e7465723e554d41204348454741444120545249554e46414c3c2f503e0d0a3c5020616c69676e3d6c6566743e5365206174e9206e6f7320636f6e746f7320646520666164612043696e646572656c6120636865676f75206174e9206f206261696c6520656d206772616e646520657374696c6f2c20612063686567616461206461206e6f6976612072657175657220756d61206174656ee7e36f20657370656369616c2e3c42523e446576652d736520656e74e36f2070656e73617220636f6d20636172696e686f206e6f207472616e73706f727465206461206e6f6976612070617261206120496772656a61206174e9206f206d6f6d656e746f206465206c65766172206f20636173616c206174e92061207265636570e7e36f2c206ae120717565206120646174612072657175657220756d61206368656761646120747269756e66616c2e3c42523e5061726120636572696df46e69617320666f726d616973206520656c6567616e746573206f7320636172726f7320616e7469676f732073e36f20756d61206f70e7e36f206d7569746f2061646571756164612c20706f64656e646f2065737465732074657220612076616e746167656d206465206573636f6c686120656e74726520636f726573206d616973206368616d617469766173206f75206e6575747261732e3c42523e4ae1206173206c696d7573696e65732070617261206f2075736f20647572616e7465206f2064696120646576652d7365206573636f6c68657220636f72657320636c617261732c20656e7175616e746f20706172612061206e6f6974652061732070726574617320747261646963696f6e6169732073e36f2061206d656c686f7220706564696461732e3c42523e566572696669717565207365206f2074616d616e686f20696e7465726e6f20646f207665ed63756c6f20736572e120636f6d706174ed76656c20706172612071756520736575207665737469646f206ee36f20636f72726120726973636f7320646520616c6d61e76f73206e6f207665737469646f2c206d65736d6f20706f72717565207365206f207665737469646f206ee36f20657374697665722062656d209161636f6d6f6461646f92206f206d65736d6f2061636f6e7465636572e120636f6d20766f63ea2e3c42523e4f20706f736963696f6e616d656e746f20646f73206f637570616e74657320646f20636172726f206465766520736572206f732073656775696e7465733a3c42523e4f20706169206461206e6f697661206e6f2062616e636f206465207472e1732c20617472e17320646f206d6f746f726973746120652061206e6f697661206e6f206c61646f206f706f73746f2e3c42523e4f206e6f69766f2074616d62e96d2076616920617472e17320646f206d6f746f726973746120636f6d2061206e6f69766120616f206c61646f2c206c656d6272616e646f2071756520656d20616d626173206173207369747561e7f5657320616f206573746163696f6e6172206f207665ed63756c6f206573746520706f736963696f6e616d656e746f20616a75646172e1206e6f206465736c6f63616d656e746f206461206e6f697661207175652064657363657261206e6f206c61646f2064612063616ce76164612e3c42523e3c2f503e);
INSERT INTO `dicas` VALUES (4, 'Buffet', 0x3c503e4275666665743a20935175616c6964616465207175652073652070f56520e0206d657361943c2f503e0d0a3c503e4e6120686f7261206465206573636f6c686572206f206275666665742c20e920696d706f7274616e746520717565207365206f6273657276656d20616c67756e73206173706563746f732070617261207175652073652074656e686120756d61207265636570e7e36f206465207375636573736f2e3c42523e2d204f2062756666657420646576652073657220636f6e7472617461646f206e6f206ded6e696d6f2038206d6573657320616e74657320646f20636173616d656e746f20616e746573206d65736d6f20646120496772656a612c206ae120717565206578697374656d2062656d206d61697320496772656a617320646f20717565206c6f636169732070617261207265636570e7e36f2e3c42523e2d20446576652d7365206f62736572766172207365206f20616d6269656e746520e9206167726164e176656c2c207365206120696e6672612d65737472757475726120286c6f63616c697a61e7e36f2c2074616d616e686f2c2066756e63696f6e616c69646164652c2068696769656e652c206574632e2e2e2920e920616465717561646120616f207469706f20646f206576656e746f20656d207175657374e36f2e3c42523e2d5065e761207265666572ea6e636961732c2065206578696a6120756d20636f6e747261746f20657370656369666963616e646f207475646f206f2071756520666f6920636f6d62696e61646f2c2065783a207469706f2064652063617264e170696f2c2076616c6f7265732064617320626562696461732c207175616e74696120646520676172e76f6e7320652076616c6f72657320736f62726520686f6e6f72e172696f73206578636564656e7465732c20746178617320657874726173206574632e2e2e3c42523e2d2046656974612061206573636f6c686120646f206c6f63616c20696465616c20766f63ea206ae1206573746172e1206170746120e0206573636f6c6865722061206465636f7261e7e36f20702f206f2073616ce36f20706172612071756520617320636f726573206465737461206ee36f2076656e68616d20e020656e7472617220656d2063686f71756520636f6d20617320636f72657320707265646f6d696e616e74657320646f206c6f63616c2c20636f6d6f20706172656465732c2070696c61726573206574632e2e2e3c42523e2d204ae1206578697374656d20627566666574732071756520696e636c75656d2061206465636f7261e7e36f20646173206d6573617320656d20736575206f72e7616d656e746f2c20636f6272616e646f20756d6120746178612065787472612070617261206973746f2e204f6273657276652061732076616e746167656e73206520706f7373ed766569732064657376616e746167656e7320616f2061647175697269722065737465207365727669e76f2e3c42523e43657263616e646f2d736520646573746573206375696461646f732c20766f63ea206ae1206573746172e1206d6169732073656775726120706172612071756520696d707265766973746f7320646520fa6c74696d6120686f7261206ee36f2076656e68616d207469726172206f206272696c686f20646520756d206d6f6d656e746f2074e36f20657370656369616c2e3c42523e266e6273703b3c2f503e0d0a3c503e3c42523e266e6273703b3c42523e3c2f503e);
INSERT INTO `dicas` VALUES (5, 'Música', 0x3c503e4dfa736963612c20936f20746f717565207175652066617a2061206469666572656ee761943c2f503e0d0a3c503e546f646f20636173616c2074656d20617175656c61206dfa73696361207175652070617265636520696e7370697261646120656d207375612068697374f372696120652071756520736572e1206c656d627261646120706f7220746f64612073756120766964612e20506f72206973746f206d65736d6f20e9207175652061206dfa736963612073652066617a2074e36f20696d706f7274616e7465206e756d20636173616d656e746f2c20e920656c612071756520656d6f63696f6e61206520636f6e7461676961206120746f646f7320653c42523e71756520656e72697175656365206f2076ed64656f20706172612073657220617072656369616461206465706f69732066617a656e646f20636f6d2071756520617320656d6fe7f5657320766f6c74656d20e020746f6e612e3c42523e45737465207365727669e76f20646576652073657220636f6e7472617461646f206e6f206ded6e696d6f20636f6d2038206d6573657320616e74657320646f206576656e746f2c207072696e636970616c6d656e746520656d206d6573657320636f6d6f206d61696f2c20736574656d62726f20652064657a656d62726f206f6e646520612064656d616e6461206465206576656e746f7320e9206d756974612e204ae120656d2061676f73746f2065206f7574726f7320646961732064612073656d616e6120717565206ee36f2073656a616d206f2073e16261646f20e920706f7373ed76656c20656e636f6e747261722070726f66697373696f6e616973206174e9206d65736d6f203330206469617320616e74657320646f206576656e746f2e3c2f503e0d0a3c503e56616c6f7265733a3c2f503e0d0a3c503e4e6f206361736f20646120636572696df46e69612072656c6967696f7361206f2076616c6f7220636f627261646f20706f7220696e737472756d656e746f20e9206465206170726f78696d6164616d656e7465205224203135302c30302e203c42523e4ae1206e61206665737461206f2076616c6f72206de964696f20e9206465205224203630302c303020706f64656e646f20657374652076616c6f7220756c747261706173736172207472ea73206d696c20726561697320646570656e64656e646f2064612062616e646120e02073657220636f6e747261746164612e3c2f503e0d0a3c503e526570657274f372696f3a203c2f503e0d0a3c503e446576652d73652074657220756d206375696461646f20657370656369616c207072696e636970616c6d656e746520636f6d2061206dfa73696361207061726120636572696df46e69612072656c6967696f73612c20706f697320696772656a617320636f6d6f206120636174f36c6963612073f3207065726d697465206dfa736963617320736163726173206f7520636ce17373696361732c2073e36f20706f7563617320696772656a617320717565207065726d6974656d207661726961e7f565732e3c42523e3c2f503e);
INSERT INTO `dicas` VALUES (6, 'Flores', 0x3c503e266e6273703b3c2f503e0d0a3c503e4573746520e9206f206974656d2071756520706f6465206465697861722073756120696d6167696e61e7e36f206972206d7569746f20616c656d20646f20696d6167696ee176656c2c20656e74726574616e746f20e1207061727469722064652052243630302c303020656d206de964696120e920706f7373ed76656c206164617074617220666c6f7265732070617261207175652061206465636f7261e7e36f206ee36f207061737365206465737065726365626964612e3c42523e417320666c6f72657320646f2063616d706f2073e36f206173206d61697320696e64696361646173206e6f206361736f206465206ee36f20736520706f64657220676173746172206d7569746f20636f6d2065737365206974656d2e3c42523e4ae120736520707265666572697220756d61206465636f7261e7e36f206d61697320726566696e616461206f70746520706f722067e97262657261732c206f727175ed64656173206f75206ced72696f73207175652073e36f20636f6e73696465726164617320666c6f7265732066696e61732c206d6173207361696261207175652065737361206f70e7e36f2076616920706573617220656d20736575206f72e7616d656e746f2e3c2f503e0d0a3c503e44696361733a3c42523e95266e6273703b4f7320707265e76f732073656d707265206972e36f207661726961722064652061636f72646f20636f6d206f2074616d616e686f20646f206c6f63616c2028696772656a6120652f6f75207265636570e7e36f293c42523e95266e6273703b53652061206461746120646f2073657520636173616d656e746f20636f696e636964697220636f6d20646174617320636f6d656d6f726174697661732c20636f6d6f2044696120646173204de36573206f752044696120646f73204e616d6f7261646f7320706f6465206f636f7272657220616c746173206e6f7320707265e76f732064617320666c6f7265732c20636572746966697175652d736520636f6d20616e7465636564ea6e6369612e3c42523e95266e6273703b4661e76120636f6e747261746f2e3c42523e3c2f503e);

# --------------------------------------------------------

#
# Estrutura da tabela `enquetes`
#

CREATE TABLE `enquetes` (
  `cd` int(10) unsigned NOT NULL auto_increment,
  `pergunta` varchar(255) NOT NULL default '',
  `opcao1` varchar(255) NOT NULL default '',
  `opcao2` varchar(255) NOT NULL default '',
  `opcao3` varchar(255) NOT NULL default '',
  `opcao4` varchar(255) NOT NULL default '',
  `qtd_opcao1` int(10) unsigned NOT NULL default '0',
  `qtd_opcao2` int(10) unsigned NOT NULL default '0',
  `qtd_opcao3` int(10) unsigned NOT NULL default '0',
  `qtd_opcao4` int(10) unsigned NOT NULL default '0',
  `ativa` char(1) NOT NULL default '',
  `data` int(10) unsigned NOT NULL default '0',
  PRIMARY KEY  (`cd`)
) TYPE=MyISAM AUTO_INCREMENT=2 ;

#
# Extraindo dados da tabela `enquetes`
#

INSERT INTO `enquetes` VALUES (1, 'Você acredita que agosto seja mesmo o mês do \'\'desgosto\'\', sendo este portanto impróprio para o casamento?', 'Sim', 'Não', '', '', 6, 19, 0, 0, 's', 1081261273);

# --------------------------------------------------------

#
# Estrutura da tabela `eventos`
#

CREATE TABLE `eventos` (
  `cd` int(10) unsigned NOT NULL auto_increment,
  `nomes` varchar(255) NOT NULL default '',
  `data` int(11) NOT NULL default '0',
  `local` varchar(255) NOT NULL default '',
  `descricao` varchar(255) NOT NULL default '',
  `imagem_destaque` int(10) unsigned default NULL,
  `email` varchar(255) default NULL,
  `senha` varchar(8) default NULL,
  `tipo` int(10) unsigned NOT NULL default '0',
  PRIMARY KEY  (`cd`),
  KEY `nomes` (`nomes`)
) TYPE=MyISAM AUTO_INCREMENT=5 ;

#
# Extraindo dados da tabela `eventos`
#

INSERT INTO `eventos` VALUES (1, 'Marcio e Vera', 1080961200, 'Igreja São Sebastião / Sociedade Glória', 'Casaram-se na Igreja São Sebastião Marcio e Vera e seus convidados foram recepcionados na Sociedade Glória numa belíssima recepção. Confira as fotos.', 20, '', '', 2);
INSERT INTO `eventos` VALUES (2, 'Edemir e Janelize', 1080961200, 'Igreja Nossa Senhora Km 4 / S.E.R Tigre', 'Edemir e Janelize casaram-se no dia 03/04/2004 em uma belíssima cerimonia.Confira as fotos.', 21, '', '', 2);
INSERT INTO `eventos` VALUES (4, 'Familia Ferr', 1081738800, 'Joinville', 'Fotos Familiares', 38, '', '', 3);

# --------------------------------------------------------

#
# Estrutura da tabela `fotos`
#

CREATE TABLE `fotos` (
  `cd` int(10) unsigned NOT NULL auto_increment,
  `path` varchar(255) NOT NULL default '',
  `path_thumb` varchar(255) NOT NULL default '',
  `cd_evento` int(10) unsigned NOT NULL default '0',
  `bytes` int(10) unsigned NOT NULL default '0',
  PRIMARY KEY  (`cd`)
) TYPE=MyISAM AUTO_INCREMENT=48 ;

#
# Extraindo dados da tabela `fotos`
#

INSERT INTO `fotos` VALUES (20, 'fotos/1_1.jpg', 'fotos/thumb/thumb_1_1.jpg', 1, 193402);
INSERT INTO `fotos` VALUES (2, 'fotos/1_2.jpg', 'fotos/thumb/thumb_1_2.jpg', 1, 439893);
INSERT INTO `fotos` VALUES (3, 'fotos/1_3.jpg', 'fotos/thumb/thumb_1_3.jpg', 1, 193452);
INSERT INTO `fotos` VALUES (4, 'fotos/1_4.jpg', 'fotos/thumb/thumb_1_4.jpg', 1, 209822);
INSERT INTO `fotos` VALUES (5, 'fotos/1_5.jpg', 'fotos/thumb/thumb_1_5.jpg', 1, 193889);
INSERT INTO `fotos` VALUES (6, 'fotos/1_6.jpg', 'fotos/thumb/thumb_1_6.jpg', 1, 185073);
INSERT INTO `fotos` VALUES (7, 'fotos/1_7.jpg', 'fotos/thumb/thumb_1_7.jpg', 1, 220512);
INSERT INTO `fotos` VALUES (8, 'fotos/1_8.jpg', 'fotos/thumb/thumb_1_8.jpg', 1, 198908);
INSERT INTO `fotos` VALUES (9, 'fotos/1_9.jpg', 'fotos/thumb/thumb_1_9.jpg', 1, 172999);
INSERT INTO `fotos` VALUES (10, 'fotos/1_10.jpg', 'fotos/thumb/thumb_1_10.jpg', 1, 201490);
INSERT INTO `fotos` VALUES (11, 'fotos/1_11.jpg', 'fotos/thumb/thumb_1_11.jpg', 1, 211389);
INSERT INTO `fotos` VALUES (12, 'fotos/1_12.jpg', 'fotos/thumb/thumb_1_12.jpg', 1, 161325);
INSERT INTO `fotos` VALUES (13, 'fotos/1_13.jpg', 'fotos/thumb/thumb_1_13.jpg', 1, 171274);
INSERT INTO `fotos` VALUES (14, 'fotos/1_14.jpg', 'fotos/thumb/thumb_1_14.jpg', 1, 195947);
INSERT INTO `fotos` VALUES (15, 'fotos/1_15.jpg', 'fotos/thumb/thumb_1_15.jpg', 1, 197118);
INSERT INTO `fotos` VALUES (16, 'fotos/1_16.jpg', 'fotos/thumb/thumb_1_16.jpg', 1, 193402);
INSERT INTO `fotos` VALUES (17, 'fotos/1_17.jpg', 'fotos/thumb/thumb_1_17.jpg', 1, 203654);
INSERT INTO `fotos` VALUES (18, 'fotos/1_18.jpg', 'fotos/thumb/thumb_1_18.jpg', 1, 212309);
INSERT INTO `fotos` VALUES (19, 'fotos/1_19.jpg', 'fotos/thumb/thumb_1_19.jpg', 1, 183445);
INSERT INTO `fotos` VALUES (21, 'fotos/2_1.jpg', 'fotos/thumb/thumb_2_1.jpg', 2, 174888);
INSERT INTO `fotos` VALUES (22, 'fotos/2_2.jpg', 'fotos/thumb/thumb_2_2.jpg', 2, 433521);
INSERT INTO `fotos` VALUES (23, 'fotos/2_3.jpg', 'fotos/thumb/thumb_2_3.jpg', 2, 438985);
INSERT INTO `fotos` VALUES (24, 'fotos/2_24.jpg', 'fotos/thumb/thumb_2_24.jpg', 2, 424539);
INSERT INTO `fotos` VALUES (25, 'fotos/2_25.jpg', 'fotos/thumb/thumb_2_25.jpg', 2, 431950);
INSERT INTO `fotos` VALUES (26, 'fotos/2_26.jpg', 'fotos/thumb/thumb_2_26.jpg', 2, 477660);
INSERT INTO `fotos` VALUES (27, 'fotos/2_27.jpg', 'fotos/thumb/thumb_2_27.jpg', 2, 460542);
INSERT INTO `fotos` VALUES (28, 'fotos/2_28.jpg', 'fotos/thumb/thumb_2_28.jpg', 2, 432626);
INSERT INTO `fotos` VALUES (29, 'fotos/2_29.jpg', 'fotos/thumb/thumb_2_29.jpg', 2, 408211);
INSERT INTO `fotos` VALUES (30, 'fotos/2_30.jpg', 'fotos/thumb/thumb_2_30.jpg', 2, 453070);
INSERT INTO `fotos` VALUES (31, 'fotos/2_31.jpg', 'fotos/thumb/thumb_2_31.jpg', 2, 433916);
INSERT INTO `fotos` VALUES (32, 'fotos/2_32.jpg', 'fotos/thumb/thumb_2_32.jpg', 2, 208955);
INSERT INTO `fotos` VALUES (33, 'fotos/2_33.jpg', 'fotos/thumb/thumb_2_33.jpg', 2, 216904);
INSERT INTO `fotos` VALUES (34, 'fotos/2_34.jpg', 'fotos/thumb/thumb_2_34.jpg', 2, 210339);
INSERT INTO `fotos` VALUES (35, 'fotos/2_35.jpg', 'fotos/thumb/thumb_2_35.jpg', 2, 205795);
INSERT INTO `fotos` VALUES (36, 'fotos/2_36.jpg', 'fotos/thumb/thumb_2_36.jpg', 2, 201871);
INSERT INTO `fotos` VALUES (37, 'fotos/2_37.jpg', 'fotos/thumb/thumb_2_37.jpg', 2, 187473);
INSERT INTO `fotos` VALUES (38, 'fotos/4_1.jpg', 'fotos/thumb/thumb_4_1.jpg', 4, 133542);
INSERT INTO `fotos` VALUES (39, 'fotos/4_39.jpg', 'fotos/thumb/thumb_4_39.jpg', 4, 853011);
INSERT INTO `fotos` VALUES (40, 'fotos/4_40.jpg', 'fotos/thumb/thumb_4_40.jpg', 4, 133642);
INSERT INTO `fotos` VALUES (46, 'fotos/4_41.jpg', 'fotos/thumb/thumb_4_41.jpg', 4, 131359);

# --------------------------------------------------------

#
# Estrutura da tabela `imagens`
#

CREATE TABLE `imagens` (
  `cd` int(10) unsigned NOT NULL auto_increment,
  `nome` varchar(255) NOT NULL default '',
  `tamanho` varchar(20) NOT NULL default '',
  `caminho_img` varchar(255) NOT NULL default '',
  `caminho_thumb` varchar(255) NOT NULL default '',
  PRIMARY KEY  (`cd`),
  KEY `nome` (`nome`)
) TYPE=MyISAM AUTO_INCREMENT=10 ;

#
# Extraindo dados da tabela `imagens`
#

INSERT INTO `imagens` VALUES (1, 'bullet_red.gif', '20 X 19', 'img/bullet_red.gif', 'img/bullet_red.gif');
INSERT INTO `imagens` VALUES (9, 'por-do-sol.jpg', '800 X 600', 'img/por-do-sol.jpg', 'img/thumb/thumb_por-do-sol.jpg');

# --------------------------------------------------------

#
# Estrutura da tabela `parceiro_evento`
#

CREATE TABLE `parceiro_evento` (
  `parceiro` int(10) unsigned NOT NULL default '0',
  `evento` int(10) unsigned NOT NULL default '0'
) TYPE=MyISAM;

#
# Extraindo dados da tabela `parceiro_evento`
#

INSERT INTO `parceiro_evento` VALUES (2, 1);
INSERT INTO `parceiro_evento` VALUES (1, 1);
INSERT INTO `parceiro_evento` VALUES (7, 1);
INSERT INTO `parceiro_evento` VALUES (5, 1);
INSERT INTO `parceiro_evento` VALUES (6, 1);
INSERT INTO `parceiro_evento` VALUES (2, 2);
INSERT INTO `parceiro_evento` VALUES (3, 2);
INSERT INTO `parceiro_evento` VALUES (7, 2);
INSERT INTO `parceiro_evento` VALUES (2, 4);
INSERT INTO `parceiro_evento` VALUES (7, 4);

# --------------------------------------------------------

#
# Estrutura da tabela `parceiros`
#

CREATE TABLE `parceiros` (
  `cd` int(10) unsigned NOT NULL auto_increment,
  `nome` varchar(255) NOT NULL default '',
  `descricao` varchar(255) NOT NULL default '',
  `site` varchar(255) NOT NULL default '',
  `email` varchar(255) NOT NULL default '',
  `telefone` varchar(50) NOT NULL default '',
  `endereco` varchar(255) NOT NULL default '',
  `tipo` int(10) unsigned NOT NULL default '0',
  `path` varchar(255) NOT NULL default '',
  `path_thumb` varchar(255) NOT NULL default '',
  PRIMARY KEY  (`cd`)
) TYPE=MyISAM AUTO_INCREMENT=12 ;

#
# Extraindo dados da tabela `parceiros`
#

INSERT INTO `parceiros` VALUES (1, 'M.P. Lembrancinhas', 'Empresa especializada na confecção de lembrancinhas e convites para casamentos e festas em geral. Contatos com Patricia ou Roberto.', '', '', '(047) 435-4334', '', 2, 'parceiros/m.p._lembrancinhas.jpg', 'parceiros/thumb/thumb_m.p._lembrancinhas.jpg');
INSERT INTO `parceiros` VALUES (2, 'Century Foto&Video', 'Eternizando momentos em alto estilo! Eventos empresariais e Sociais.', 'www.centuryeventos.com.br', 'century@centuryeventos.com.br', '(047) 427-2351 - (047) 9964-8383', 'Rua Churchil, 294', 1, 'parceiros/century_foto_video.jpg', 'parceiros/thumb/thumb_century_foto_video.jpg');
INSERT INTO `parceiros` VALUES (3, 'Rose Floricultura', 'A Rose Floricultura é uma empresa especializada em flores de diversos modelos.', '', '', '(47)-436-0082', 'KM 4', 3, 'parceiros/rose_floricultura.jpg', 'parceiros/thumb/thumb_rose_floricultura.jpg');
INSERT INTO `parceiros` VALUES (5, 'Marlene', 'Marlene é uma profissional especializada em bolos artisticos.', '', '', '( 47 ) 426-1141', '', 4, 'parceiros/marlene.jpg', 'parceiros/thumb/thumb_marlene.jpg');
INSERT INTO `parceiros` VALUES (6, 'Fernando', 'Especializado em música p/ eventos, com violino.', '', '', '( 47 ) 433-3148 / 9994-7088', '', 6, 'parceiros/fernando.jpg', 'parceiros/thumb/thumb_fernando.jpg');
INSERT INTO `parceiros` VALUES (7, 'Rossana Elling', 'Rossana Elling organiza eventos em geral com profissionalismo e requinte.', '', '', '( 47 ) 435-0787', '', 5, 'parceiros/rossana_elling.jpg', 'parceiros/thumb/thumb_rossana_elling.jpg');
INSERT INTO `parceiros` VALUES (8, 'Restaurante Glória', 'No Restaurante Glória você encontra diversos tipos de cardápio e um ambiente espaçoso e climátizado.', '', '', '(47) 422-2919', '', 7, 'parceiros/restaurante_gloria.jpg', 'parceiros/thumb/thumb_restaurante_gloria.jpg');
INSERT INTO `parceiros` VALUES (9, 'Ninho Doce', 'Bolos e docinhos p/ casamentos, aniversário e comunhão.', '', '', '(47) 436-1435', 'Rua Graciosa, 632   Guanabara', 4, 'parceiros/ninho_doce.jpg', 'parceiros/thumb/thumb_ninho_doce.jpg');
INSERT INTO `parceiros` VALUES (10, 'Kiko e Koko', 'Kiko e Koko animam seu evento em alto estilo...', '', '', '(47)427-2181/ 467-6695', '', 8, 'parceiros/kiko_e_koko.jpg', 'parceiros/thumb/thumb_kiko_e_koko.jpg');
INSERT INTO `parceiros` VALUES (11, 'Bordot', 'A Bordot se destaca por seus belos trajes masculinos e sociais.', '', '', '(47)433-6597/ 422-5469', 'Av. Procópio Gomes', 9, 'parceiros/bordot.jpg', 'parceiros/thumb/thumb_bordot.jpg');

# --------------------------------------------------------

#
# Estrutura da tabela `textos`
#

CREATE TABLE `textos` (
  `cd` int(10) unsigned NOT NULL auto_increment,
  `nome` varchar(255) NOT NULL default '',
  `conteudo` blob,
  PRIMARY KEY  (`cd`)
) TYPE=MyISAM AUTO_INCREMENT=3 ;

#
# Extraindo dados da tabela `textos`
#

INSERT INTO `textos` VALUES (1, 'home', 0x3c5020616c69676e3d63656e7465723e3c5354524f4e473e266e6273703b266e6273703b266e6273703b203c454d3e3c553e3c464f4e5420636f6c6f723d233636303063632073697a653d353e436f6c756e6120736f6369616c206f6e206c696e652e3c2f464f4e543e3c2f553e3c2f454d3e3c2f5354524f4e473e3c42523e3c464f4e5420636f6c6f723d236666363639393e3c5354524f4e473e3c464f4e542073697a653d353e3c464f4e5420636f6c6f723d233636303036363e3c464f4e542073697a653d333e3c454d3e53e36f2070617261206f73206772616e646573206d6f6d656e746f732071756520646576656d20737572676972206173206772616e646573206964e96961732c2065206e616461206d656c686f722071756520616c6961722061207465636e6f6c6f67696120616f206576656e746f2070617261206d6f7374726172206120746f646f73206f63617369f565732074e36f20657370656369616973207175616e746f2061732071756520657374e36f20726567697374726164617320617175692e3c42523e417373696d2c207175656d206e6f732061636573736f7520746572e12061206f706f7274756e6964616465206465206170726563696172206f73206576656e746f73207265616c697a61646f732c20636f6e68656365722070726f66697373696f6e61697320646120e17265612c2065206d65736d6f20717565207669727475616c6d656e746520696e74657261676972206e657374652066616e74e1737469636f206d756e646f20646f7320736f6e686f732071756520736520746f726e6172616d207265616c6964616465733c2f454d3e2e3c2f464f4e543e3c2f464f4e543e3c42523e3c2f503e3c2f464f4e543e3c2f5354524f4e473e3c2f464f4e543e);
INSERT INTO `textos` VALUES (2, 'quemsomos', 0x3c503e266e6273703b266e6273703b266e6273703b266e6273703b20417475616e646f266e6273703be0206d61697320646520323020616e6f73206e6120e1726561206465206576656e746f73206520636f6e766976656e646f20636f6d20746f646f73206f732070726f66697373696f6e61697320646f2072616d6f206e6f73206d616973206465206d696c206576656e746f73207265676973747261646f7320706f72206ef3732c206e6f74616d6f73207175652073652066617a6961206e6563657373e172696f20756d6120766961206465206c696761e7e36f20656e74726520636c69656e74657320652070726f66697373696f6e61697320646f73206d616973206469666572656e6369616e646f732072616d6f732e3c2f503e0d0a3c503e266e6273703b266e6273703b266e6273703b266e6273703b204e6f73736f207072696e636970616c206f626a657469766f20e92066617a657220636f6d207175652065737461206964e969612073656a612061646f746164612070656c6f7320636c69656e746573206520616e756e6369616e7465732c206f6274656e646f20617175692061732066657272616d656e746173206e6563657373e172696173207061726120736174697366617a6572206173206e656365737369646164657320646520756d206e756d65726f20636164612076657a206d61696f7220646520636c69656e7465732c20746f726e616e646f2d736520617373696d20756d61207265666572ea6e636961206f627269676174f37269612070617261206f20646573656e766f6c76696d656e746f20646f2072616d6f206465206576656e746f7320652066657374617320656d20676572616c2e3c2f503e0d0a3c503e266e6273703b266e6273703b266e6273703b266e6273703b204e6f73736f266e6273703b20636f6d70726f6d6574696d656e746f2074616d62e96d2073652066617a206e6f206173706563746f20646120696e6f7661e7e36f206520617475616c697a61e7f5657320646f7320636f6e746575646f732070617261207175652068616a612073656d70726520756d20646573656e766f6c76696d656e746f206e61732063616d70616e68617320652070726f6d6fe7f56573206e6120e17265612e3c2f503e0d0a3c503e266e6273703b266e6273703b266e6273703b266e6273703b20466f726d6f752d736520656e74e36f2061203c5354524f4e473e3c454d3e3c553e43454e54555259204556454e544f533c2f553e3c2f454d3e3c2f5354524f4e473e20706172612071756520646520756d61206d616e65697261206d6f6465726e6120652072e170696461206f7320636c69656e7465732064657374652027204e4f564f204d494cca4e494f20272076656e68616d20612073652062656e6566696369617220636f6d20657374612066657272616d656e746120706172612071756520736575206576656e746f20736520746f726e6520696e657371756563ed76656c2e3c2f503e0d0a3c503e3c454d3e3c5354524f4e473e43726961e7e36f206520646573656e766f6c76696d656e746f266e6273703b2d2042726967ed646120466572723c2f5354524f4e473e3c2f454d3e3c2f503e0d0a3c503e3c454d3e3c5354524f4e473e50726f6d6f746572202d266e6273703b4a756c69616e652052616661656c6120466572723c2f5354524f4e473e3c2f454d3e3c2f503e0d0a3c503e3c454d3e3c5354524f4e473e476572656e74652061646d696e69737472617469766f2d2053616e64726f20462e20446f732053616e746f73266e6273703b3c2f5354524f4e473e3c2f454d3e3c2f503e);

# --------------------------------------------------------

#
# Estrutura da tabela `tipodeevento`
#

CREATE TABLE `tipodeevento` (
  `cd` int(10) unsigned NOT NULL auto_increment,
  `tipo` varchar(255) binary NOT NULL default '',
  PRIMARY KEY  (`cd`),
  UNIQUE KEY `tipo` (`tipo`)
) TYPE=MyISAM AUTO_INCREMENT=5 ;

#
# Extraindo dados da tabela `tipodeevento`
#

INSERT INTO `tipodeevento` VALUES (1, '');
INSERT INTO `tipodeevento` VALUES (2, 'Casamento');
INSERT INTO `tipodeevento` VALUES (3, 'Social');
INSERT INTO `tipodeevento` VALUES (4, 'Fotos Particulares');

# --------------------------------------------------------

#
# Estrutura da tabela `tipodeparceiro`
#

CREATE TABLE `tipodeparceiro` (
  `cd` int(10) unsigned NOT NULL auto_increment,
  `tipo` varchar(255) NOT NULL default '',
  PRIMARY KEY  (`cd`),
  UNIQUE KEY `tipo` (`tipo`)
) TYPE=MyISAM AUTO_INCREMENT=10 ;

#
# Extraindo dados da tabela `tipodeparceiro`
#

INSERT INTO `tipodeparceiro` VALUES (1, 'Foto e Vídeo');
INSERT INTO `tipodeparceiro` VALUES (2, 'Lembrancinhas');
INSERT INTO `tipodeparceiro` VALUES (3, 'Floricultura');
INSERT INTO `tipodeparceiro` VALUES (4, 'Bolo');
INSERT INTO `tipodeparceiro` VALUES (5, 'Cerimonial');
INSERT INTO `tipodeparceiro` VALUES (6, 'Música p/  Igreja');
INSERT INTO `tipodeparceiro` VALUES (7, 'Recreativa/Buffet');
INSERT INTO `tipodeparceiro` VALUES (8, 'Banda');
INSERT INTO `tipodeparceiro` VALUES (9, 'Trajes Masculinos/Sociais');
    